{
    "homography_matrix": [[2.8680138674244975, 0.6273780334991096, -1591.8373218539532], [-0.09829291000060772, 9.337826450057756, -2257.198385253961], [-4.73213500530994e-05, 0.0024003102419432212, 1.0]],
    "camera_matrix": [
        [
            2867.2299046167186,
            0.0,
            963.0790909904944
        ],
        [
            0.0,
            1426.7070396837828,
            560.9936864329818
        ],
        [
            0.0,
            0.0,
            1.0
        ]
    ],
    "distortion_coefficients": [
        -0.8171546167688849,
        -8.562095590187049,
        0.1262510825235992,
        -0.2925843691077063,
        3.7019339891966796
    ],
    "reprojection_error_px": {
        "mean_px": 13.697711944580078,
        "median_px": 11.031638145446777,
        "p95_px": 36.875396728515625,
        "used_frames": 40,
        "total_points": 2160
    },
    "pattern_size": {
        "inner_corners": [
            9,
            6
        ],
        "squares": [
            10,
            7
        ]
    }
}