{"homography_matrix": [[0.802999373345543, 0.14897273442157152, -192.18572784780926], [0.03582000348247102, 2.13896592223898, -253.78984181666135], [-0.00011407737547580192, 0.001774567662190828, 1.0]], "grid_size": [6, 6], "square_size": 50, "calibration_type": "manual"}