{
    "homography_matrix":
    [
            [ 1.28095737, -1.00774106e-01, -8.20529008e+02],
            [-5.94563186e-02,  3.88478654, -9.77574932e+02],
            [-2.47468512e-04,  2.60565790e-03,  1.00000000]
    ],
    "camera_matrix": [
        [
            8489.32939062187,
            0.0,
            932.380530438984
        ],
        [
            0.0,
            1686.538156573266,
            701.2426233060271
        ],
        [
            0.0,
            0.0,
            1.0
        ]
    ],
    "distortion_coefficients": [
        0.3929650943279522,
        -85.46577541540161,
        -0.2922519675812633,
        -0.10350312732585928,
        445.62008983106244
    ],
    "reprojection_error_px": {
        "mean_px": 10.400530815124512,
        "median_px": 10.04066276550293,
        "p95_px": 21.386028289794922,
        "used_frames": 6,
        "total_points": 324
    },
    "pattern_size": {
        "inner_corners": [
            6,
            9
        ]
    }
}